sampel_id,fold,pred_prob
ERR1994990,fold_1,0.48487986186304627
ERR1994997,fold_1,0.48487986186304627
ERR1995000,fold_1,0.48487986186304627
ERR1995015,fold_1,0.4874811574784838
ERR1995026,fold_1,0.4826642937167701
ERR1995029,fold_1,0.4828621098336011
ERR1995030,fold_1,0.459783031692834
ERR1995037,fold_1,0.4627928032219527
ERR1995048,fold_1,0.4623383318963802
ERR1995069,fold_1,0.4638629273303464
ERR2014745,fold_1,0.5036344120154956
ERR2014755,fold_1,0.5048512479379381
ERR2014757,fold_1,0.4978541899873665
ERR2014758,fold_1,0.4891041608482411
ERR2014759,fold_1,0.5116310218257054
ERR2596982,fold_1,0.5412860679192956
ERR2596986,fold_1,0.6138413573144453
ERR2596987,fold_1,0.6077937714905685
ERR2596988,fold_1,0.5198775182444366
ERR2596989,fold_1,0.6233240824427937
ERR2596991,fold_1,0.47156906413832567
ERR2596994,fold_1,0.4858363284920243
ERR2596996,fold_1,0.4939270685142671
ERR2597007,fold_1,0.5094535983848009
ERR2597011,fold_1,0.5088637174298467
ERR2597025,fold_1,0.5508974997472575
ERR2597048,fold_1,0.512738006937868
ERR2597050,fold_1,0.502664031147074
ERR2597076,fold_1,0.5582127404706542
ERR2597092,fold_1,0.6277089819248564
ERR2597101,fold_1,0.5533078315679826
ERR2597119,fold_1,0.6342607073748986
ERR2597127,fold_1,0.6252217127135337
ERR2597136,fold_1,0.6095653493705853
ERR2597148,fold_1,0.550931232255758
ERR2597155,fold_1,0.6130131900729545
ERR2597158,fold_1,0.5726273827348369
ERR2597163,fold_1,0.6518186847764347
ERR2597175,fold_1,0.609725651480828
ERR2597177,fold_1,0.5306585865406301
ERR2597178,fold_1,0.5812585469393328
ERR2597181,fold_1,0.5865371364972922
ERR2597184,fold_1,0.6145954601350263
ERR2597188,fold_1,0.5182953438563406
ERR2597190,fold_1,0.5542066623576022
ERR2597228,fold_1,0.6142137348419648
ERR2597245,fold_1,0.6121659816856407
ERR2597248,fold_1,0.5873060890836692
ERR2597262,fold_1,0.5860598960328449
ERR2597265,fold_1,0.5835964862296201
ERR2597280,fold_1,0.5131768829051491
ERR2597281,fold_1,0.4853958981573258
SRR5269741,fold_1,0.5103123353383483
SRR5269742,fold_1,0.4614715464312278
SRR5269752,fold_1,0.4055677750496716
SRR5269758,fold_1,0.4196174376361427
SRR5269764,fold_1,0.4796876687424383
SRR5269768,fold_1,0.4292947294675698
SRR5269769,fold_1,0.4422856099812631
SRR5269773,fold_1,0.40143444536827044
SRR5269775,fold_1,0.44524432098402006
SRR5269784,fold_1,0.4301855725537257
SRR5269792,fold_1,0.4130013845164152
SRR5269796,fold_1,0.4078203078601246
SRR5269803,fold_1,0.45174099083415
SRR5269808,fold_1,0.43696025409531364
SRR5269824,fold_1,0.45136122309699034
SRR5269826,fold_1,0.4486965818323296
SRR5269833,fold_1,0.4756388342933311
SRR5269834,fold_1,0.4292757877907198
SRR5269835,fold_1,0.484075407272283
SRR5269836,fold_1,0.5045463186464916
SRR5269840,fold_1,0.514917500042766
SRR5269846,fold_1,0.48005811142313926
SRR5269853,fold_1,0.49194848594566115
SRR5269854,fold_1,0.47013366825532754
SRR5269855,fold_1,0.4675250789094317
SRR5269859,fold_1,0.47827738938846825
SRR5269863,fold_1,0.49749394904995364
SRR5269865,fold_1,0.5038322970588857
SRR5269871,fold_1,0.466580839728627
SRR5269881,fold_1,0.5013884959036495
SRR5269886,fold_1,0.4988337300064493
SRR5269906,fold_1,0.4880333888621846
SRR5269914,fold_1,0.47097300760803634
SRR5269915,fold_1,0.4869564831680354
SRR5269922,fold_1,0.4336348998060789
SRR5269938,fold_1,0.3888287629120059
SRR5269953,fold_1,0.40067122893722773
SRR5269972,fold_1,0.41878358026261325
SRR5269975,fold_1,0.42042703365674344
SRR5269977,fold_1,0.39413791399169756
SRR5269988,fold_1,0.4430025652744759
SRR5269993,fold_1,0.46037507078626716
SRR5269996,fold_1,0.4368318044290121
SRR5270001,fold_1,0.42905167570131764
SRR5270016,fold_1,0.3929643952316877
SRR5270018,fold_1,0.43470955971466496
SRR5270020,fold_1,0.43314218905588453
SRR5270029,fold_1,0.39497897974955404
SRR5270043,fold_1,0.42354218815766
SRR5270061,fold_1,0.39612421617425997
SRR5270062,fold_1,0.44230275822208265
SRR5270063,fold_1,0.4263808711555346
SRR5270064,fold_1,0.41656422596095194
SRR5270069,fold_1,0.4346348544096187
SRR5270070,fold_1,0.3857077151509582
SRR5270074,fold_1,0.40220399957783676
SRR5270080,fold_1,0.4500338289915859
SRR5270083,fold_1,0.46859190071999113
SRR5270098,fold_1,0.46395947263514714
SRR5270109,fold_1,0.4913260523231983
SRR7533820,fold_1,0.51217386320165
SRR7533823,fold_1,0.5942713491854945
SRR7533840,fold_1,0.4860115502525857
SRR7533850,fold_1,0.5006060956766792
SRR7533853,fold_1,0.5466116144537896
SRR7533856,fold_1,0.5070644435222881
SRR7533860,fold_1,0.4875133594798408
SRR7533871,fold_1,0.5107341486116365
SRR7533877,fold_1,0.4884095685590253
SRR7533885,fold_1,0.5163483718939422
SRR7533891,fold_1,0.5040653062714501
SRR7533916,fold_1,0.5180363093206563
SRR7533920,fold_1,0.4244840033432441
SRR7533925,fold_1,0.4939974781843141
SRR7533941,fold_1,0.48394855871880754
SRR7533952,fold_1,0.49676537290578776
SRR7533956,fold_1,0.4827247062580544
SRR7533959,fold_1,0.5951348390476244
SRR7533979,fold_1,0.49683179429789137
SRR7533985,fold_1,0.491408131192055
SRR7533988,fold_1,0.4958416236953107
SRR7533997,fold_1,0.5254714747260842
SRR7534022,fold_1,0.472669157954414
SRR7534029,fold_1,0.452912336575849
SRR7534066,fold_1,0.4773560595509491
SRR7534076,fold_1,0.5095772199856841
SRR7534095,fold_1,0.4973539183010139
SRR7534096,fold_1,0.5078849541871188
SRR7534097,fold_1,0.44113414065769085
SRR7534105,fold_1,0.4974067732967517
SRR7534107,fold_1,0.49262269233230893
SRR7534119,fold_1,0.509857174848367
SRR7534121,fold_1,0.4975536387033947
SRR7534131,fold_1,0.5101192976987846
SRR7534139,fold_1,0.5107646905230346
SRR7534147,fold_1,0.49677796557610127
SRR7534163,fold_1,0.46539063848241424
SRR7534166,fold_1,0.4462227126912425
SRR7534171,fold_1,0.5015961765441406
SRR7534189,fold_1,0.5519941747990876
SRR7534210,fold_1,0.6067993371793703
SRR7534215,fold_1,0.5806676198428711
SRR7534221,fold_1,0.4781965528500058
SRR7534222,fold_1,0.49603334302453606
SRR7534226,fold_1,0.4936575819347457
ERR1994996,fold_2,0.4777214264602543
ERR1995001,fold_2,0.478705193380636
ERR1995005,fold_2,0.4880075109615936
ERR1995008,fold_2,0.47970832164042837
ERR1995016,fold_2,0.4822077682761359
ERR1995023,fold_2,0.4822077682761359
ERR1995050,fold_2,0.47938017652089676
ERR1995051,fold_2,0.4822077682761359
ERR1995062,fold_2,0.4791696529273897
ERR1995063,fold_2,0.46948913174531814
ERR1995071,fold_2,0.46146901555272324
ERR2014747,fold_2,0.5097817197621131
ERR2014748,fold_2,0.48726586719612053
ERR2014752,fold_2,0.48630320851315534
ERR2014753,fold_2,0.4891973214927201
ERR2596974,fold_2,0.6091839683616203
ERR2596979,fold_2,0.6397914376652685
ERR2596983,fold_2,0.562695730663446
ERR2596984,fold_2,0.5545015363490936
ERR2596992,fold_2,0.4848983203502738
ERR2596993,fold_2,0.5210172485010119
ERR2596999,fold_2,0.5189000954400149
ERR2597000,fold_2,0.5148533162444899
ERR2597002,fold_2,0.46721754574903174
ERR2597020,fold_2,0.551859923000816
ERR2597024,fold_2,0.535466348916002
ERR2597026,fold_2,0.6122034382880696
ERR2597041,fold_2,0.5252183732396385
ERR2597063,fold_2,0.5247603021953625
ERR2597064,fold_2,0.5881902512803001
ERR2597065,fold_2,0.630434864096455
ERR2597074,fold_2,0.5451134135971749
ERR2597075,fold_2,0.5938918795434649
ERR2597078,fold_2,0.5363127277391186
ERR2597079,fold_2,0.6025714684919946
ERR2597086,fold_2,0.6011646416974797
ERR2597104,fold_2,0.5770068796032588
ERR2597114,fold_2,0.5155287620514647
ERR2597115,fold_2,0.5479779037951359
ERR2597116,fold_2,0.6294711495751215
ERR2597118,fold_2,0.5553357599784379
ERR2597130,fold_2,0.5837959327213548
ERR2597131,fold_2,0.6196994790284628
ERR2597132,fold_2,0.5602272276675198
ERR2597137,fold_2,0.5727061715437993
ERR2597149,fold_2,0.5410835431558588
ERR2597157,fold_2,0.566748078750853
ERR2597176,fold_2,0.6123614782934428
ERR2597180,fold_2,0.5284801609790887
ERR2597204,fold_2,0.543333566284903
ERR2597220,fold_2,0.5862911508269437
ERR2597254,fold_2,0.518618705182463
ERR2597266,fold_2,0.5993291994777241
ERR2597269,fold_2,0.6023696320767479
ERR2597275,fold_2,0.5759829046907182
ERR2597277,fold_2,0.508845311091575
ERR2597278,fold_2,0.48799537122654
SRR5269730,fold_2,0.4649157226097981
SRR5269791,fold_2,0.45671154680051174
SRR5269800,fold_2,0.45402434662945196
SRR5269813,fold_2,0.42472870817129993
SRR5269818,fold_2,0.42119144950799686
SRR5269829,fold_2,0.4749515369748979
SRR5269831,fold_2,0.4347654622373963
SRR5269837,fold_2,0.4471016234558234
SRR5269838,fold_2,0.48532097877834557
SRR5269842,fold_2,0.468728332913772
SRR5269844,fold_2,0.4621641159344962
SRR5269848,fold_2,0.48636780631818166
SRR5269860,fold_2,0.48094041178029995
SRR5269864,fold_2,0.4654406961509647
SRR5269867,fold_2,0.46543438571362733
SRR5269874,fold_2,0.5042557242582225
SRR5269883,fold_2,0.48548588844724966
SRR5269888,fold_2,0.4784538910532646
SRR5269898,fold_2,0.4896490214899596
SRR5269903,fold_2,0.49636589670193004
SRR5269904,fold_2,0.47683953258952994
SRR5269905,fold_2,0.4732550375952619
SRR5269908,fold_2,0.49359969167132817
SRR5269919,fold_2,0.4892706999246851
SRR5269934,fold_2,0.4496858791326216
SRR5269937,fold_2,0.40424000645745595
SRR5269939,fold_2,0.45856367535093395
SRR5269940,fold_2,0.41703951417382307
SRR5269948,fold_2,0.430085211691313
SRR5269949,fold_2,0.4036266473172759
SRR5269952,fold_2,0.41624099920659235
SRR5269956,fold_2,0.3971917937387146
SRR5269969,fold_2,0.44982992983354914
SRR5269974,fold_2,0.46090107014704934
SRR5269976,fold_2,0.38960199977571647
SRR5269980,fold_2,0.42376972267215923
SRR5269982,fold_2,0.42929726415243646
SRR5269984,fold_2,0.36242291032282614
SRR5269987,fold_2,0.400793891146639
SRR5269998,fold_2,0.4283327970997399
SRR5270004,fold_2,0.41604733164648733
SRR5270009,fold_2,0.45478382600454664
SRR5270011,fold_2,0.4596567158247911
SRR5270036,fold_2,0.4036123063442361
SRR5270037,fold_2,0.42279788792162526
SRR5270040,fold_2,0.396837255959914
SRR5270042,fold_2,0.38806191970436055
SRR5270054,fold_2,0.4497408151561492
SRR5270055,fold_2,0.4247851453133044
SRR5270065,fold_2,0.413244604517075
SRR5270067,fold_2,0.44310424929358927
SRR5270071,fold_2,0.3908694508757025
SRR5270076,fold_2,0.4169269586835497
SRR5270077,fold_2,0.4455610982215497
SRR5270084,fold_2,0.45126355061081425
SRR5270087,fold_2,0.4321079994721636
SRR5270088,fold_2,0.39644074166130316
SRR5270091,fold_2,0.5011020900327692
SRR5270097,fold_2,0.461934204411059
SRR5270103,fold_2,0.41517254439114987
SRR5270104,fold_2,0.4844289987652917
SRR5270113,fold_2,0.42249451447850045
SRR7533843,fold_2,0.502889788278766
SRR7533859,fold_2,0.5254303797517426
SRR7533887,fold_2,0.5766376268027154
SRR7533890,fold_2,0.5247871225643839
SRR7533893,fold_2,0.47060380490156395
SRR7533897,fold_2,0.5041207343473977
SRR7533915,fold_2,0.4786048864540145
SRR7533932,fold_2,0.587913603915531
SRR7533939,fold_2,0.5058261063182184
SRR7533954,fold_2,0.4750753813789838
SRR7533955,fold_2,0.5033881057411027
SRR7533957,fold_2,0.5286259292871167
SRR7533960,fold_2,0.5705565879685202
SRR7533962,fold_2,0.5093538418127112
SRR7533977,fold_2,0.505905318129422
SRR7533990,fold_2,0.46661674142433257
SRR7533998,fold_2,0.5474672744289042
SRR7534002,fold_2,0.5498515846145977
SRR7534006,fold_2,0.5061873191821309
SRR7534025,fold_2,0.491171419078263
SRR7534030,fold_2,0.449298834095778
SRR7534043,fold_2,0.4749266092397364
SRR7534049,fold_2,0.4440632026960117
SRR7534063,fold_2,0.4911399179349942
SRR7534072,fold_2,0.5187506964551851
SRR7534099,fold_2,0.4782343956542942
SRR7534114,fold_2,0.5094389881145848
SRR7534122,fold_2,0.5216873526331862
SRR7534130,fold_2,0.5333359347642637
SRR7534137,fold_2,0.4885741146419046
SRR7534138,fold_2,0.4951759054051163
SRR7534146,fold_2,0.45125687151578914
SRR7534153,fold_2,0.49095632165863345
SRR7534164,fold_2,0.4772967854771381
SRR7534174,fold_2,0.49344240502732195
SRR7534188,fold_2,0.45801120136605866
SRR7534204,fold_2,0.4972802359662062
SRR7534217,fold_2,0.46359057622219096
ERR1994988,fold_3,0.4889726165310839
ERR1994999,fold_3,0.4882881625745981
ERR1995002,fold_3,0.4875027526951006
ERR1995007,fold_3,0.47394174128942795
ERR1995009,fold_3,0.4916128110638177
ERR1995013,fold_3,0.47862460499974363
ERR1995017,fold_3,0.4845027076757701
ERR1995047,fold_3,0.47849563710792786
ERR1995065,fold_3,0.4482636084104706
ERR2014749,fold_3,0.5101200921155731
ERR2014751,fold_3,0.4996448802533258
ERR2596973,fold_3,0.5383831697968436
ERR2596985,fold_3,0.5493161698319426
ERR2596998,fold_3,0.5166374328892774
ERR2597003,fold_3,0.5115841499829221
ERR2597010,fold_3,0.553035246352781
ERR2597023,fold_3,0.5105319510681653
ERR2597039,fold_3,0.6397773056366701
ERR2597043,fold_3,0.5638703718430372
ERR2597045,fold_3,0.4944187936263882
ERR2597054,fold_3,0.4995467108610345
ERR2597055,fold_3,0.5603172214861636
ERR2597057,fold_3,0.6091875357204077
ERR2597058,fold_3,0.5724721183071299
ERR2597080,fold_3,0.5323893908114368
ERR2597081,fold_3,0.5142331751759935
ERR2597084,fold_3,0.59995383819287
ERR2597093,fold_3,0.5254486466514696
ERR2597098,fold_3,0.599494775139242
ERR2597099,fold_3,0.6018250068645796
ERR2597120,fold_3,0.6333398745234299
ERR2597123,fold_3,0.5590163184572328
ERR2597126,fold_3,0.5620069242652539
ERR2597128,fold_3,0.6256671953364294
ERR2597134,fold_3,0.5206599830440628
ERR2597139,fold_3,0.5438847555453433
ERR2597140,fold_3,0.552852426692573
ERR2597143,fold_3,0.5177272592556971
ERR2597145,fold_3,0.5554072043526947
ERR2597153,fold_3,0.5743771912103098
ERR2597162,fold_3,0.6480352152792752
ERR2597192,fold_3,0.5170422766633407
ERR2597201,fold_3,0.5988721094661262
ERR2597223,fold_3,0.5212431900938588
ERR2597249,fold_3,0.596483666940757
ERR2597252,fold_3,0.6072967467216793
ERR2597253,fold_3,0.5968827770557555
ERR2597263,fold_3,0.5510767555653031
ERR2597268,fold_3,0.5776907033584524
ERR2597276,fold_3,0.5127110880333837
ERR2597282,fold_3,0.519034387564106
SRR5269744,fold_3,0.4302274107809159
SRR5269747,fold_3,0.4802035865402939
SRR5269748,fold_3,0.46691686879254896
SRR5269751,fold_3,0.36544402100806245
SRR5269754,fold_3,0.45567109964891744
SRR5269755,fold_3,0.4146533030455034
SRR5269757,fold_3,0.46635903626441205
SRR5269762,fold_3,0.42693338121304386
SRR5269765,fold_3,0.421671268923455
SRR5269767,fold_3,0.431561888159421
SRR5269787,fold_3,0.40864442675320395
SRR5269798,fold_3,0.4535383807680608
SRR5269799,fold_3,0.4416108418631056
SRR5269801,fold_3,0.4447761025484808
SRR5269807,fold_3,0.3978975838890908
SRR5269809,fold_3,0.46359867928258414
SRR5269817,fold_3,0.4458040081284518
SRR5269819,fold_3,0.44027688628344835
SRR5269820,fold_3,0.4112042621533329
SRR5269822,fold_3,0.4330062797525084
SRR5269823,fold_3,0.42066925415298156
SRR5269830,fold_3,0.4305885666639079
SRR5269843,fold_3,0.4982799645314995
SRR5269852,fold_3,0.46891777600566925
SRR5269856,fold_3,0.4695047050731695
SRR5269857,fold_3,0.4467907755708359
SRR5269858,fold_3,0.47113376072671687
SRR5269862,fold_3,0.4778746472661226
SRR5269873,fold_3,0.47532687323668965
SRR5269875,fold_3,0.4949686859857527
SRR5269876,fold_3,0.48417245819773014
SRR5269877,fold_3,0.4925750733096399
SRR5269889,fold_3,0.45885963089554066
SRR5269890,fold_3,0.49943035828435073
SRR5269900,fold_3,0.4617684483000755
SRR5269909,fold_3,0.48438129564454363
SRR5269917,fold_3,0.512504028359881
SRR5269918,fold_3,0.4704657118924722
SRR5269924,fold_3,0.4177931306514162
SRR5269929,fold_3,0.4416076083698392
SRR5269930,fold_3,0.5364154581255811
SRR5269936,fold_3,0.4202765179854266
SRR5269950,fold_3,0.39984372498422865
SRR5269957,fold_3,0.4111590611573554
SRR5269963,fold_3,0.39319715879973427
SRR5269970,fold_3,0.4033703597504709
SRR5269979,fold_3,0.37880363285849394
SRR5269981,fold_3,0.38959859220538784
SRR5269995,fold_3,0.4123885204334811
SRR5269999,fold_3,0.4364408828226371
SRR5270010,fold_3,0.38765786696307625
SRR5270013,fold_3,0.43551287467339683
SRR5270021,fold_3,0.4252781604296837
SRR5270038,fold_3,0.3977024177162741
SRR5270044,fold_3,0.39111882228244205
SRR5270059,fold_3,0.3881357442273358
SRR5270060,fold_3,0.3907124221957318
SRR5270066,fold_3,0.4203567834178026
SRR5270075,fold_3,0.44201957453526525
SRR5270078,fold_3,0.43708876369416283
SRR5270082,fold_3,0.4573920968928422
SRR5270085,fold_3,0.4041277052115217
SRR5270086,fold_3,0.444983862265845
SRR5270090,fold_3,0.4548696152307865
SRR5270092,fold_3,0.46418476759406285
SRR7533836,fold_3,0.4536279821816383
SRR7533844,fold_3,0.5118219408420351
SRR7533873,fold_3,0.48837555082277584
SRR7533874,fold_3,0.4686673704312094
SRR7533875,fold_3,0.4997750135002248
SRR7533876,fold_3,0.4558242961723779
SRR7533922,fold_3,0.5746348610216059
SRR7533930,fold_3,0.4913071716859082
SRR7533949,fold_3,0.47822493356202683
SRR7533958,fold_3,0.5542033670097934
SRR7533963,fold_3,0.5464600872354922
SRR7533966,fold_3,0.5028249581007872
SRR7533981,fold_3,0.5080250182902146
SRR7533983,fold_3,0.4698958353364074
SRR7533991,fold_3,0.575085066166166
SRR7533994,fold_3,0.5095077820066796
SRR7533995,fold_3,0.561044582811669
SRR7533999,fold_3,0.576493707556346
SRR7534003,fold_3,0.5128104359425862
SRR7534004,fold_3,0.5175299145857016
SRR7534014,fold_3,0.481770238491851
SRR7534028,fold_3,0.48392317692094833
SRR7534045,fold_3,0.46135216731739914
SRR7534047,fold_3,0.5072489900822955
SRR7534050,fold_3,0.4612742216142379
SRR7534062,fold_3,0.4997750135002248
SRR7534068,fold_3,0.5021639122203314
SRR7534100,fold_3,0.4867219469352407
SRR7534102,fold_3,0.46749971811570173
SRR7534125,fold_3,0.5376034106301429
SRR7534128,fold_3,0.5712356941908876
SRR7534132,fold_3,0.5052114747071396
SRR7534133,fold_3,0.499713796568057
SRR7534175,fold_3,0.49796482826957256
SRR7534178,fold_3,0.453792728769747
SRR7534182,fold_3,0.4463151015224336
SRR7534208,fold_3,0.5121955260681181
SRR7534211,fold_3,0.47063206185520695
SRR7534214,fold_3,0.4458579840056317
SRR7534216,fold_3,0.4866560900744339
SRR7534228,fold_3,0.49896920463352434
ERR1994992,fold_4,0.48245010579125064
ERR1994994,fold_4,0.48357055556871337
ERR1994998,fold_4,0.48357055556871337
ERR1995006,fold_4,0.47441581093883334
ERR1995018,fold_4,0.48357055556871337
ERR1995041,fold_4,0.4969514370815595
ERR1995045,fold_4,0.48357055556871337
ERR1995064,fold_4,0.4821377983601706
ERR1995068,fold_4,0.4750881320991844
ERR1995070,fold_4,0.47055596599518945
ERR2014744,fold_4,0.5198717353022164
ERR2597004,fold_4,0.4973254357039998
ERR2597006,fold_4,0.5379890891096566
ERR2597019,fold_4,0.5828042772155378
ERR2597037,fold_4,0.5451962517649048
ERR2597038,fold_4,0.6238981536402672
ERR2597042,fold_4,0.6346513595409606
ERR2597049,fold_4,0.49990307769963777
ERR2597052,fold_4,0.6176580279096506
ERR2597053,fold_4,0.5171876501763348
ERR2597060,fold_4,0.6161776939390137
ERR2597082,fold_4,0.5421480373958156
ERR2597087,fold_4,0.6067655411229252
ERR2597088,fold_4,0.5429611875639567
ERR2597094,fold_4,0.641891198891663
ERR2597096,fold_4,0.6144097600050744
ERR2597097,fold_4,0.5798260032577494
ERR2597103,fold_4,0.6334997078884276
ERR2597113,fold_4,0.5928228549837623
ERR2597122,fold_4,0.5363872979786681
ERR2597135,fold_4,0.6115496908707716
ERR2597138,fold_4,0.5966982591947585
ERR2597141,fold_4,0.6629589039420825
ERR2597150,fold_4,0.5990931276287854
ERR2597156,fold_4,0.5430704154992384
ERR2597161,fold_4,0.5706113692624277
ERR2597174,fold_4,0.6115052548604731
ERR2597189,fold_4,0.6552498168928671
ERR2597209,fold_4,0.6029859740201695
ERR2597211,fold_4,0.5789257669111648
ERR2597218,fold_4,0.4918108112593427
ERR2597224,fold_4,0.517220323886532
ERR2597229,fold_4,0.63291005856208
ERR2597233,fold_4,0.5196282723323292
ERR2597264,fold_4,0.5953729122402281
ERR2597274,fold_4,0.5129892375733281
ERR2597279,fold_4,0.519517534416014
SRR5269727,fold_4,0.5073052112993457
SRR5269729,fold_4,0.48724751594061827
SRR5269743,fold_4,0.4559040779435449
SRR5269756,fold_4,0.41289115693553263
SRR5269760,fold_4,0.3692500895163782
SRR5269761,fold_4,0.4208435162621143
SRR5269763,fold_4,0.4373910177412484
SRR5269774,fold_4,0.4380809706747806
SRR5269786,fold_4,0.426013482221779
SRR5269793,fold_4,0.39216709827029406
SRR5269797,fold_4,0.40904782974529935
SRR5269815,fold_4,0.445382611285145
SRR5269816,fold_4,0.4316789478496651
SRR5269825,fold_4,0.4414497839178187
SRR5269849,fold_4,0.4839096199010469
SRR5269851,fold_4,0.46177742612314104
SRR5269861,fold_4,0.45087215112162776
SRR5269868,fold_4,0.4577665895233962
SRR5269879,fold_4,0.47270799361119553
SRR5269880,fold_4,0.5240570792638548
SRR5269882,fold_4,0.46015527907957887
SRR5269891,fold_4,0.493305078140679
SRR5269895,fold_4,0.4702097074331616
SRR5269910,fold_4,0.5468909775736563
SRR5269912,fold_4,0.4563816436898921
SRR5269913,fold_4,0.4881799028917369
SRR5269920,fold_4,0.39260695834529363
SRR5269927,fold_4,0.37984798783621665
SRR5269928,fold_4,0.37264094076219156
SRR5269932,fold_4,0.4004749246369671
SRR5269935,fold_4,0.44053789791149983
SRR5269964,fold_4,0.3923729389698366
SRR5269965,fold_4,0.35787893191389997
SRR5269971,fold_4,0.3946905624223146
SRR5269978,fold_4,0.42805590144667505
SRR5269983,fold_4,0.3898561274573353
SRR5269994,fold_4,0.4654755883209581
SRR5270000,fold_4,0.41111113642721353
SRR5270003,fold_4,0.41484048174340304
SRR5270012,fold_4,0.3825926791188202
SRR5270014,fold_4,0.4237188365856218
SRR5270022,fold_4,0.44458154381458087
SRR5270039,fold_4,0.37517482200568997
SRR5270046,fold_4,0.3482842897186271
SRR5270053,fold_4,0.3976718647348375
SRR5270057,fold_4,0.41062291421465535
SRR5270073,fold_4,0.41334448205597457
SRR5270079,fold_4,0.39986247792267215
SRR5270101,fold_4,0.432623783350921
SRR5270105,fold_4,0.43563927416707876
SRR5270106,fold_4,0.4416725508905413
SRR5270107,fold_4,0.4424607295415532
SRR7533837,fold_4,0.4474051370057853
SRR7533842,fold_4,0.5274981073355891
SRR7533851,fold_4,0.5817775576499864
SRR7533855,fold_4,0.606921454426794
SRR7533857,fold_4,0.6000758939923581
SRR7533878,fold_4,0.47075950956257245
SRR7533888,fold_4,0.5949647263497808
SRR7533889,fold_4,0.5958223280715503
SRR7533892,fold_4,0.5243116584389285
SRR7533896,fold_4,0.43894291300010985
SRR7533903,fold_4,0.508084457989627
SRR7533917,fold_4,0.4613984045750423
SRR7533919,fold_4,0.5230717095256598
SRR7533921,fold_4,0.5149671225536275
SRR7533944,fold_4,0.4630967661083285
SRR7533946,fold_4,0.46937113097354466
SRR7533947,fold_4,0.5005259147775791
SRR7533953,fold_4,0.48819700302024854
SRR7533965,fold_4,0.5599385668464248
SRR7533978,fold_4,0.5314389176985188
SRR7533996,fold_4,0.500770472992369
SRR7534001,fold_4,0.510923152494176
SRR7534005,fold_4,0.5225138508210391
SRR7534007,fold_4,0.5036877660893052
SRR7534009,fold_4,0.559109714228795
SRR7534015,fold_4,0.4967286314209446
SRR7534017,fold_4,0.4920601413800632
SRR7534020,fold_4,0.5107751076082668
SRR7534042,fold_4,0.5954931214309973
SRR7534048,fold_4,0.49787146898305346
SRR7534069,fold_4,0.5626221874088941
SRR7534070,fold_4,0.515825587632329
SRR7534073,fold_4,0.5814273306624186
SRR7534075,fold_4,0.5256914221509196
SRR7534093,fold_4,0.5092214527677515
SRR7534101,fold_4,0.500770472992369
SRR7534104,fold_4,0.4903236022896044
SRR7534106,fold_4,0.49230510383242926
SRR7534108,fold_4,0.5095443455167199
SRR7534113,fold_4,0.4919115631821619
SRR7534116,fold_4,0.48475480437005436
SRR7534124,fold_4,0.5699238808853618
SRR7534129,fold_4,0.500770472992369
SRR7534143,fold_4,0.46606226846485593
SRR7534145,fold_4,0.5697278785640267
SRR7534148,fold_4,0.4468033751136763
SRR7534149,fold_4,0.4998456904419554
SRR7534162,fold_4,0.4591728709962439
SRR7534177,fold_4,0.5012449170397602
SRR7534181,fold_4,0.46865086365224723
SRR7534183,fold_4,0.5233567677704475
SRR7534184,fold_4,0.5043308993743688
SRR7534185,fold_4,0.45752534319385346
SRR7534186,fold_4,0.5108389342869369
SRR7534187,fold_4,0.49105455590773545
SRR7534205,fold_4,0.531847572562335
SRR7534209,fold_4,0.5033123933690931
ERR1994989,fold_5,0.4753577047667753
ERR1994993,fold_5,0.48550507118007513
ERR1995003,fold_5,0.4814522164210576
ERR1995004,fold_5,0.4812182421480791
ERR1995010,fold_5,0.4708122479671433
ERR1995012,fold_5,0.48388688344927794
ERR1995020,fold_5,0.4766096808656624
ERR1995031,fold_5,0.48579015337149456
ERR1995038,fold_5,0.4891971533655407
ERR1995039,fold_5,0.4659861862111265
ERR1995049,fold_5,0.48880281953788624
ERR1995067,fold_5,0.47157090415682523
ERR1995072,fold_5,0.4630881895541242
ERR2014750,fold_5,0.4999706815224887
ERR2014754,fold_5,0.5037165648440601
ERR2014756,fold_5,0.511997860958618
ERR2596981,fold_5,0.5769817816720434
ERR2596990,fold_5,0.4699606862531397
ERR2596995,fold_5,0.45299020275444685
ERR2596997,fold_5,0.5082906515183487
ERR2597001,fold_5,0.4588682343136737
ERR2597005,fold_5,0.4373672786011592
ERR2597008,fold_5,0.5788803761490601
ERR2597009,fold_5,0.5697674246915463
ERR2597013,fold_5,0.6225150136729222
ERR2597021,fold_5,0.576760786455987
ERR2597022,fold_5,0.6274252864878171
ERR2597051,fold_5,0.4534785959420514
ERR2597059,fold_5,0.5983289621526712
ERR2597061,fold_5,0.623332354640074
ERR2597067,fold_5,0.6538294476992764
ERR2597077,fold_5,0.5434530289327141
ERR2597102,fold_5,0.5100253736459929
ERR2597105,fold_5,0.5911509284686248
ERR2597108,fold_5,0.5619455568535662
ERR2597110,fold_5,0.6235293255793537
ERR2597117,fold_5,0.5216149025375587
ERR2597121,fold_5,0.5818117616103302
ERR2597142,fold_5,0.638997320250259
ERR2597144,fold_5,0.5460926152900278
ERR2597147,fold_5,0.629073000193962
ERR2597159,fold_5,0.5597375037241359
ERR2597160,fold_5,0.5667990684349803
ERR2597166,fold_5,0.5669914109627898
ERR2597167,fold_5,0.5839597892366754
ERR2597182,fold_5,0.670870509876941
ERR2597185,fold_5,0.5415114215000351
ERR2597187,fold_5,0.5987419203352073
ERR2597227,fold_5,0.5824819458220619
ERR2597256,fold_5,0.5570676455228795
ERR2597257,fold_5,0.5261425247811565
ERR2597260,fold_5,0.600594665675488
ERR2597261,fold_5,0.5567996254579618
ERR2597270,fold_5,0.6292242006682026
ERR2597273,fold_5,0.6252065013018682
SRR5269745,fold_5,0.4482818631461206
SRR5269746,fold_5,0.4738149717018059
SRR5269750,fold_5,0.41030291396580754
SRR5269753,fold_5,0.4939751238438573
SRR5269766,fold_5,0.40680248446215667
SRR5269783,fold_5,0.46078031413457826
SRR5269802,fold_5,0.44210189999843913
SRR5269812,fold_5,0.4397298810821274
SRR5269814,fold_5,0.4471727777897596
SRR5269832,fold_5,0.43465858590669765
SRR5269839,fold_5,0.4705636470088554
SRR5269841,fold_5,0.48004850581766034
SRR5269845,fold_5,0.45959235586040426
SRR5269847,fold_5,0.5166637243226279
SRR5269872,fold_5,0.4720518583047021
SRR5269878,fold_5,0.5084773450446267
SRR5269884,fold_5,0.46903911461900516
SRR5269885,fold_5,0.43988854767653973
SRR5269894,fold_5,0.5336965356295327
SRR5269896,fold_5,0.4593138321521883
SRR5269899,fold_5,0.4838731533363264
SRR5269901,fold_5,0.5063825696193827
SRR5269902,fold_5,0.5279915629761052
SRR5269907,fold_5,0.5030758210413745
SRR5269911,fold_5,0.48766509522950535
SRR5269916,fold_5,0.5361500146673813
SRR5269925,fold_5,0.4350796821071859
SRR5269931,fold_5,0.4455513576816616
SRR5269941,fold_5,0.42512389719777194
SRR5269958,fold_5,0.41855345834546204
SRR5269985,fold_5,0.4655965616728731
SRR5269986,fold_5,0.41117084834409323
SRR5269989,fold_5,0.45659879241020457
SRR5269990,fold_5,0.4320736880306238
SRR5269991,fold_5,0.4349319336668792
SRR5269992,fold_5,0.4656631051390261
SRR5269997,fold_5,0.4102181115608644
SRR5270002,fold_5,0.3998748204829729
SRR5270006,fold_5,0.42917710257028496
SRR5270007,fold_5,0.4253880491409684
SRR5270008,fold_5,0.43782034250879776
SRR5270017,fold_5,0.41256256294399357
SRR5270023,fold_5,0.42280133787245616
SRR5270030,fold_5,0.39939305472544323
SRR5270035,fold_5,0.4004797457512537
SRR5270041,fold_5,0.4073007185696194
SRR5270045,fold_5,0.42938980451879133
SRR5270047,fold_5,0.4161621574767617
SRR5270056,fold_5,0.4346127127476858
SRR5270058,fold_5,0.43073901292166156
SRR5270068,fold_5,0.4073669572416809
SRR5270072,fold_5,0.43688996960267534
SRR5270089,fold_5,0.4283758127394633
SRR5270099,fold_5,0.4243077712365735
SRR5270108,fold_5,0.45837812381380055
SRR5270110,fold_5,0.4660446228814972
SRR5270112,fold_5,0.4192417264118709
SRR7533824,fold_5,0.5719607741613005
SRR7533825,fold_5,0.4791533588632101
SRR7533826,fold_5,0.4551645282055073
SRR7533831,fold_5,0.48809044141342256
SRR7533833,fold_5,0.4695574878228329
SRR7533834,fold_5,0.4674273572888499
SRR7533835,fold_5,0.49104968079276745
SRR7533845,fold_5,0.6231534315898308
SRR7533849,fold_5,0.4854472443932426
SRR7533852,fold_5,0.4986805756042368
SRR7533886,fold_5,0.48300227580828486
SRR7533895,fold_5,0.45252231624789907
SRR7533927,fold_5,0.44982387672854623
SRR7533931,fold_5,0.6465045517815239
SRR7533945,fold_5,0.517094457724275
SRR7533986,fold_5,0.534483030616523
SRR7533992,fold_5,0.6052114961894124
SRR7533993,fold_5,0.5028666766479742
SRR7534008,fold_5,0.6017564076227968
SRR7534010,fold_5,0.5045284455656763
SRR7534012,fold_5,0.47784046245070627
SRR7534013,fold_5,0.4839688965532543
SRR7534021,fold_5,0.45934369479825815
SRR7534024,fold_5,0.42752130151381257
SRR7534026,fold_5,0.4605595869708389
SRR7534046,fold_5,0.45997787301601906
SRR7534061,fold_5,0.4993144618012543
SRR7534065,fold_5,0.4666935292462783
SRR7534067,fold_5,0.5650372313050473
SRR7534090,fold_5,0.4921812148406076
SRR7534091,fold_5,0.5241546202128304
SRR7534094,fold_5,0.5556535878887469
SRR7534098,fold_5,0.5089116183200779
SRR7534127,fold_5,0.5024215015650907
SRR7534136,fold_5,0.513042016846639
SRR7534144,fold_5,0.46268933358093006
SRR7534169,fold_5,0.5377998678266556
SRR7534203,fold_5,0.5385410423997397
SRR7534206,fold_5,0.5094632146171102
SRR7534207,fold_5,0.5236039705100999
SRR7534212,fold_5,0.4934922953739915
SRR7534218,fold_5,0.4851488225122368
SRR7534220,fold_5,0.5422924863276903
SRR7534225,fold_5,0.5666186817483039
