SampleID,Prob_Class_0,Prob_Class_1,Prob_Class_2,Prob_Class_3,Prob_Class_4,True_Label
ERR1368917,5.468316e-07,1.1515441e-05,0.267576,0.7324119,2.0291842e-09,3
ERR1368928,2.7749945e-06,9.136768e-06,0.006720722,0.9932641,3.253487e-06,3
ERR1368929,5.5778568e-08,6.387559e-08,0.04375844,0.9562413,5.5861343e-10,3
ERR1368934,1.6088827e-05,2.8708538e-08,0.040079683,0.95990425,8.740459e-09,3
ERR1368954,0.12252664,0.06330707,0.7383557,0.07580857,2.0603977e-06,3
ERR1368956,3.005514e-08,2.7251545e-12,0.0009013977,0.99909854,1.5947041e-08,3
ERR1368961,5.96087e-08,5.2491883e-10,0.0029467996,0.99705315,1.0799048e-12,3
ERR1368974,2.9739836e-06,1.7857649e-06,0.928609,0.0713861,1.3883054e-07,3
ERR1368977,3.083024e-05,1.5616742e-08,0.14095515,0.85901403,4.6977106e-11,3
ERR1368985,5.3230164e-05,0.00010830056,0.1251148,0.874676,4.7662907e-05,3
ERR1368988,4.4363176e-11,5.9719184e-14,0.00015618418,0.99984384,2.7023734e-13,3
ERR1368991,1.4671725e-09,4.2183299e-10,0.019731741,0.98026824,9.3669265e-12,3
ERR1368993,2.4986088e-07,3.9773585e-07,0.036058735,0.9639407,3.313811e-09,3
ERR1368994,2.7184788e-09,2.8400518e-07,0.6001741,0.39982557,3.000522e-11,3
ERR1369000,7.954052e-09,1.5994434e-07,0.9205278,0.07947171,3.408653e-07,3
ERR1369004,0.0035459753,4.494499e-05,0.6997032,0.29670587,1.150383e-12,3
ERR1369006,0.00021764215,2.0975433e-05,0.04141339,0.9583479,2.5134355e-08,3
ERR1369042,0.0009271985,1.770213e-05,0.33041885,0.66863626,2.3800109e-09,3
ERR1369044,0.0037439533,0.0012123532,0.069120035,0.92592365,5.991384e-09,3
ERR1369057,7.758672e-06,6.1742774e-08,0.03411997,0.9658721,3.0549618e-08,3
ERR1369061,3.3565027e-06,4.8718407e-09,0.011948422,0.9871603,0.00088794733,3
ERR1369066,5.662676e-09,7.692002e-08,0.062018067,0.9379817,8.671574e-08,3
ERR1369073,4.05651e-09,3.145428e-08,0.008540614,0.99145925,1.3535552e-07,3
ERR1369077,8.009768e-09,2.9432629e-10,0.0014401253,0.9985599,2.9517379e-08,3
ERR1369079,2.3100264e-09,2.7987348e-08,0.34823814,0.6517611,7.2005076e-07,3
ERR1369084,1.5928556e-08,2.0972623e-12,0.0006766717,0.99932337,3.4106837e-13,3
ERR1369095,2.1300613e-07,1.0167121e-06,0.043323353,0.95667535,9.519464e-16,3
ERR1369141,0.0001521621,9.03892e-07,0.24806961,0.7517773,9.368204e-11,3
ERR1369142,6.9106973e-09,4.5506874e-07,0.47973576,0.5202638,2.0659368e-12,3
ERR1369147,3.9547506e-12,8.1595244e-11,0.010482837,0.98951715,1.6385154e-13,3
ERR1369152,3.54835e-11,6.573899e-12,0.0038536845,0.9961463,2.7172138e-14,3
ERR1369154,1.8129624e-07,7.635893e-09,0.006480845,0.9935179,1.149538e-06,3
ERR1369165,1.1275036e-05,6.169337e-06,0.03041462,0.96956795,1.0296637e-11,3
ERR1369180,0.000118049335,0.008626335,0.9697528,0.021502377,3.9995888e-07,3
ERR1369205,4.9998942e-08,1.56949e-07,0.0056057936,0.994393,1.0044894e-06,3
ERR1369210,1.33796575e-05,5.922633e-05,0.5407173,0.45919544,1.4649902e-05,3
ERR1369234,3.3999097e-08,4.71311e-08,0.0064582946,0.9935416,6.1521415e-09,3
ERR1369271,0.009553212,1.23472255e-05,0.959385,0.031049445,2.1674682e-09,2
ERR1369272,6.557829e-08,8.6820927e-07,0.9822895,0.017709527,2.7328143e-11,2
ERR1369274,2.0676113e-07,2.9069732e-05,0.11877808,0.88119256,9.594436e-12,3
ERR1369309,3.9361734e-05,0.00073974417,0.9981183,0.0010293653,7.333207e-05,2
ERR1369315,2.1900065e-05,0.00047754348,0.99620783,0.003292746,4.443409e-09,3
ERR1369357,2.6762148e-06,1.6539248e-05,0.6901721,0.30980688,1.8104307e-06,2
ERR1369371,3.196787e-07,4.5596713e-07,0.8843135,0.1156528,3.287994e-05,3
ERR1369389,0.00022201339,0.0005137847,0.99876416,0.00019725895,0.00030285612,2
ERR1369395,6.659183e-06,6.510981e-06,0.8959429,0.104043804,7.365864e-08,3
ERR1369397,0.00040564212,0.0022145726,0.9962698,0.0010935108,1.645653e-05,2
ERR1369430,5.1090096e-12,4.030505e-08,0.6612784,0.33872086,7.0349824e-07,3
ERR1369441,1.998259e-07,1.4926309e-06,0.96556515,0.03443301,1.3765002e-07,2
ERR1369445,1.2507659e-06,0.12912677,0.8703347,0.0005198599,1.7456647e-05,2
ERR1369450,1.3636551e-07,9.027073e-05,0.9158691,0.08404054,2.1726994e-10,3
ERR1369466,2.9368778e-06,2.2698924e-07,0.057936568,0.9420592,1.063545e-06,3
ERR1369493,1.2216999e-09,5.481052e-07,0.31822392,0.681775,6.1466295e-07,2
ERR1369508,0.01705946,0.06645601,0.9163274,0.00012489558,3.2257904e-05,2
ERR1369517,2.0480844e-05,0.0003336825,0.9896059,0.010036605,3.401833e-06,2
ERR1369528,3.5979207e-07,0.0005454318,0.9983557,8.9189125e-05,0.0010094079,2
ERR1369554,1.9047692e-09,9.906545e-08,0.9905674,0.00812863,0.0013039064,2
ERR1369578,0.0001271469,0.000120225595,0.94154555,0.058206767,2.156363e-07,2
ERR1369583,2.984727e-07,8.238199e-06,0.99994683,4.4625252e-05,6.393988e-08,2
ERR1369605,9.0302514e-08,6.963211e-05,0.978909,0.021021279,3.6522767e-08,2
ERR1369609,2.7199721e-05,3.4830206e-05,0.07053164,0.92940634,1.2646252e-08,3
ERR1369610,7.891663e-07,0.0001334484,0.9736813,0.025882833,0.00030171362,2
ERR1369611,4.3010326e-10,1.0293032e-09,0.061924405,0.93797344,0.00010219281,3
ERR1369644,9.151959e-09,0.010791418,0.98667383,0.0025347562,7.660765e-12,2
ERR1369654,8.318092e-08,0.00027558822,0.9637197,0.036004562,1.0930863e-10,2
ERR1369660,3.856646e-07,0.01754411,0.9474759,0.03479584,0.00018367106,2
ERR1369669,1.5289185e-08,9.59081e-06,0.9936691,0.0063210917,2.2108448e-07,2
ERR1369699,3.7213e-08,4.203257e-07,0.039396875,0.9605996,3.0412164e-06,3
ERR1369702,8.815855e-07,0.00056117226,0.6503852,0.34898648,6.62889e-05,3
ERR1369737,0.0003126826,8.205791e-06,0.9147107,0.08496825,1.4319495e-07,3
ERR1369743,2.9273912e-07,0.00030308412,0.98978275,0.009896714,1.717077e-05,2
ERR1369757,2.0496511e-10,4.6854586e-07,0.83298254,0.16697928,3.7780217e-05,3
ERR1369764,8.024157e-08,4.8387406e-08,0.03478105,0.96521366,5.2440855e-06,3
ERR1369766,1.1065436e-05,0.00015991706,0.71672696,0.2831018,2.0544537e-07,2
ERR1369806,0.00052658044,0.0004982702,0.78843445,0.2104989,4.1742533e-05,3
ERR1369818,2.4982575e-07,2.1936559e-07,0.30183968,0.6981598,2.5522386e-11,3
ERR1369819,6.240768e-06,0.00021232071,0.99559337,0.004180014,7.99211e-06,2
ERR1369824,1.6282602e-05,9.114181e-07,0.969017,0.030965738,1.4696458e-11,2
ERR1369826,1.4856101e-07,4.2616463e-07,0.96782076,0.032178644,1.904291e-09,3
ERR1369860,4.623648e-10,9.591223e-09,0.08460949,0.91538614,4.3321274e-06,3
ERR1369880,9.028611e-07,0.00013033849,0.98233634,0.017479083,5.337458e-05,2
ERR1369885,1.0716409e-08,7.204469e-05,0.99806815,0.0018597741,3.890485e-08,2
ERR1369917,4.1870768e-05,0.00016777706,0.9896451,0.010145176,1.3387724e-08,2
ERR1369919,0.002297014,0.29524335,0.7024072,5.1830986e-05,5.921221e-07,2
ERR1369959,2.3262686e-05,5.8348433e-06,0.92866623,0.07130291,1.7726278e-06,3
ERR1369967,2.864542e-09,9.824503e-06,0.99681133,0.0024248988,0.00075394346,2
ERR1369976,1.3909103e-06,0.00018902041,0.9993304,0.0004791445,3.6127627e-08,3
ERR1369999,2.7009035e-06,6.113334e-06,0.9964557,0.003090154,0.00044527402,2
ERR1370006,2.2692189e-14,2.6649827e-08,0.99698526,0.0030147748,3.8055113e-08,2
ERR1370008,2.0736687e-08,1.3475064e-06,0.99653184,0.0032270344,0.00023965655,2
ERR1370026,2.6795365e-07,1.9796051e-08,0.019805046,0.9801947,2.021122e-09,3
ERR1370048,4.9194483e-08,0.00028831113,0.9985018,0.001201624,8.276421e-06,2
ERR1370056,9.974824e-09,3.5433688e-05,0.986661,0.013303464,9.757053e-09,2
ERR1370078,5.0526154e-07,4.250351e-06,0.6016341,0.3983567,4.421192e-06,2
ERR1370082,1.6174353e-08,2.3885132e-05,0.73768246,0.2622936,6.2164465e-09,3
ERR1370094,2.9958792e-06,0.0008821255,0.9883603,0.010754701,4.523178e-09,2
ERR1370106,0.0027662762,2.4651212e-07,0.9186304,0.078602724,3.1532448e-07,2
ERR1370116,3.3106435e-06,1.0935793e-05,0.99957305,0.00041030272,2.4191083e-06,2
ERR1370118,1.4914914e-06,0.00043814632,0.8048511,0.19470869,5.9320183e-07,3
ERR1370148,4.59947e-06,0.0010813113,0.997835,0.0010789152,1.3443203e-07,2
ERR1370152,4.431989e-05,0.00011187559,0.13707395,0.8627698,7.98554e-13,3
ERR1370194,6.5979957e-06,0.05592578,0.94247,0.0015973373,2.6028047e-07,2
ERR1370226,1.5178454e-06,0.017899735,0.9788916,0.0032065227,5.5903837e-07,2
ERR1370258,1.6100565e-06,2.3485652e-05,0.64874804,0.35122684,9.852656e-10,3
ERR1370262,2.7576326e-07,2.112794e-07,0.004631212,0.9953668,1.4654457e-06,3
ERR1370292,1.5054545e-07,0.000101623664,0.9508844,0.048876032,0.00013780598,2
ERR1370309,2.4876815e-07,1.8281803e-07,0.009623811,0.9903751,6.3558866e-07,3
ERR1370319,0.0007699944,0.00065063214,0.91402274,0.084556654,7.335658e-12,3
ERR1370324,4.6997815e-07,0.0014505793,0.8956508,0.10289733,8.47192e-07,3
ERR1370343,6.265111e-07,3.8750593e-05,0.07821397,0.92174655,2.0112717e-08,3
ERR1370356,8.401676e-09,6.6668886e-06,0.9700383,0.029955046,5.2962132e-09,3
ERR1370359,0.0057507716,1.6713709e-06,0.5471836,0.44706395,4.8554387e-09,3
ERR1370387,2.8832376e-08,4.771622e-07,0.0071227397,0.9928767,2.1096392e-08,3
ERR1370397,2.0493761e-10,1.5029157e-12,0.0026517627,0.9973482,1.494711e-12,3
ERR1370415,5.5722077e-10,2.8767387e-05,0.90798193,0.09198934,7.2525384e-12,3
ERR1370421,1.8737293e-07,2.5457905e-06,0.17850019,0.82149637,7.226906e-07,3
ERR1370431,1.6796344e-11,3.0812936e-11,0.00033150136,0.9996685,4.864563e-10,3
ERR1370436,6.6689365e-10,2.1854136e-09,0.008919657,0.9910801,3.022306e-07,3
ERR1370441,0.00016950611,0.18944643,0.80738896,0.0029950738,3.6194714e-09,2
ERR1370450,9.216385e-05,9.28433e-05,0.84512067,0.1546943,1.7198046e-09,3
ERR1370454,5.6669287e-05,4.4695707e-06,0.0148869185,0.98505163,3.78684e-07,3
ERR1370458,3.2405976e-09,9.591785e-10,0.0010045224,0.9989955,1.725229e-13,3
ERR1370466,2.5367376e-07,3.2290792e-10,0.004499446,0.99550027,3.6600117e-13,3
ERR1370469,3.8449707e-07,1.9930313e-07,0.1115676,0.88843185,5.3987534e-09,3
ERR1370470,0.37621993,3.8254515e-05,0.44063193,0.18310916,7.460705e-07,3
ERR1370496,6.731865e-05,1.0646339e-05,0.04066956,0.95925057,1.849367e-06,3
ERR1370503,3.513329e-08,2.1007925e-11,0.0015064339,0.99849355,1.0872742e-09,3
ERR1370517,7.251698e-10,1.8938583e-11,0.00023883984,0.99976116,1.3980833e-10,3
ERR1370519,6.5795835e-09,1.5510042e-10,0.0041063726,0.9958925,1.0529599e-06,3
ERR2172357,6.126496e-05,0.00049161795,0.883433,0.11600896,5.2180553e-06,3
ERR2172377,0.00067258667,0.002599515,0.9919709,0.0047558416,1.0729617e-06,2
ERR2172415,2.4552085e-06,2.9928608e-06,0.718045,0.2819458,3.6742392e-06,2
ERR2172416,8.586394e-08,0.00010581039,0.97959846,0.020295301,4.1041363e-07,2
ERR2172421,0.00014842162,0.00012742954,0.99339193,0.006332085,8.887301e-08,2
ERR2172454,1.4650233e-06,0.00020072164,0.3514181,0.6483797,1.9731413e-11,3
ERR2172458,2.2078645e-07,1.0484011e-05,0.12948985,0.87049943,2.883243e-10,3
ERR2172462,4.043634e-06,2.1757789e-05,0.814916,0.18503895,1.9137598e-05,3
ERR2172502,1.3745609e-09,2.4309068e-06,0.8843208,0.11567673,4.996752e-08,2
ERR2172503,5.6356186e-10,4.342701e-06,0.87375516,0.12624045,2.893011e-10,2
ERR2172504,1.8325925e-09,2.471834e-05,0.98165613,0.01831917,1.2045125e-09,2
ERR2172515,1.9483066e-08,2.0572747e-06,0.785151,0.21484698,5.562553e-09,2
ERR2172519,1.8134718e-09,3.6178153e-05,0.9820607,0.017903075,6.086739e-08,2
ERR2172520,2.2889639e-08,7.435148e-05,0.9903927,0.009531963,1.0687536e-06,2
ERR2172525,2.8705442e-09,0.00012610598,0.9639292,0.035944678,9.8396855e-09,2
ERR2172549,7.703919e-08,2.185836e-05,0.9639461,0.036031574,3.426569e-07,3
ERR2172553,1.2922434e-08,1.8503658e-07,0.37501144,0.6249884,1.1393555e-11,3
ERR2172569,9.650968e-09,1.234064e-07,0.8297945,0.17020473,6.198914e-07,3
ERR2172572,6.244858e-11,2.7512348e-09,0.08225402,0.917746,5.925316e-11,3
ERR2172573,0.0025272784,1.9447943e-05,0.81158245,0.1858708,2.2459615e-10,3
ERR2172574,3.960333e-09,3.3993872e-09,0.02914105,0.970859,2.7015572e-09,3
ERR2172577,3.812371e-10,6.470634e-09,0.16197282,0.8380271,3.254146e-10,3
ERR2172593,5.3354183e-09,4.3044665e-07,0.8447179,0.15528171,1.4549821e-09,3
ERR2172595,8.51792e-07,1.786746e-05,0.7262255,0.2737558,1.5990392e-10,3
ERR2172608,1.9742057e-08,5.686078e-10,0.0104466835,0.98955333,4.251562e-12,2
ERR2172615,5.784422e-11,1.0670619e-06,0.9176037,0.082395256,2.1108953e-10,2
ERR2172616,8.325124e-09,2.9416174e-07,0.9345616,0.06543811,1.9542158e-08,2
ERR2172728,7.965831e-05,3.939922e-05,0.9994137,0.00046472464,2.55604e-06,2
ERR2172742,0.0015379958,0.0002758829,0.9921571,0.0060289265,6.0207235e-08,2
ERR2172785,2.0857226e-07,1.19429355e-08,0.0313487,0.9686511,1.9156996e-09,3
ERR2172790,2.403246e-10,1.10064256e-07,0.49617076,0.5038281,1.0437508e-06,3
ERR2172799,7.2083594e-08,9.199779e-05,0.5482141,0.4516938,4.4041848e-08,3
ERR2172870,1.0861475e-10,1.1474789e-05,0.98344594,0.016506303,3.625936e-05,2
ERR2172949,0.00018933155,1.3522781e-05,0.019104738,0.9806892,3.1044226e-06,3
ERR2172956,6.940066e-10,2.455947e-09,0.007392466,0.99260736,1.5289355e-07,3
ERR2173000,2.2420199e-08,2.730449e-07,0.19842374,0.80157596,9.105666e-12,3
ERR2173004,8.237099e-06,1.2078222e-06,0.042927075,0.95704114,2.233141e-05,3
ERR2173032,1.3661128e-05,5.4140164e-05,0.9439944,0.045217507,0.010720331,3
ERR2173067,7.8187057e-10,7.821235e-08,0.0014808433,0.998519,3.975897e-12,3
ERR2173075,1.1186878e-07,2.2151826e-06,0.0036604898,0.9963372,5.517741e-10,3
ERR2173078,6.3614586e-11,1.6562753e-08,0.002821044,0.9971789,6.818643e-11,3
ERR2173084,4.3213927e-08,5.549297e-08,0.008348477,0.9916511,3.6291127e-07,3
ERR2173094,4.842575e-07,0.00032149433,0.882127,0.11752118,2.9821242e-05,3
ERR2173113,2.6546304e-06,1.5425689e-10,0.008818155,0.99117917,2.553863e-10,3
ERR2173172,2.7366753e-12,5.58613e-12,0.002040912,0.99795914,1.4568114e-13,3
ERR2173173,3.7733266e-13,1.4052377e-12,0.0035806326,0.9964194,2.4404656e-13,3
ERR2173175,6.313105e-14,4.822514e-13,0.0024359005,0.9975641,3.2510488e-13,3
ERR2173180,1.812047e-14,2.20546e-12,0.0033958487,0.9966041,4.648508e-14,3
ERR2173195,4.1552815e-09,3.1301425e-08,0.011952061,0.98804784,9.66383e-08,3
ERR2173200,2.0728075e-09,4.427126e-08,0.010224186,0.9897758,6.2972303e-09,3
ERR2173201,5.794534e-10,2.1276257e-08,0.038256843,0.9617421,1.0364682e-06,3
ERR2173203,1.8802035e-08,2.0960282e-07,0.034606803,0.96539223,6.4728795e-07,3
ERR2173210,1.2031584e-09,3.310706e-08,0.037953693,0.96204567,7.070249e-07,3
ERR475470,4.2799343e-06,0.003923829,0.8762385,0.00065779453,0.11917558,2
ERR475478,6.96093e-08,0.00120929,0.9974456,0.0013185171,2.6514144e-05,2
ERR475486,5.274308e-07,3.5529607e-05,0.6409379,0.35675734,0.002268628,2
ERR475495,8.452407e-07,6.6199296e-05,0.98931164,0.010620724,5.785387e-07,2
ERR475501,2.2419127e-09,0.99720687,0.002526347,1.32639e-06,0.00026542848,1
ERR475508,2.0804164e-07,0.00021107243,0.99972063,4.700419e-05,2.0993766e-05,2
ERR475525,1.1089716e-07,3.7475584e-07,0.9876046,0.012394935,4.9641898e-08,2
ERR475526,3.099673e-08,0.00042028909,0.93545693,0.06412141,1.2843703e-06,2
ERR475532,0.0009289738,0.9965204,0.002541867,8.839544e-06,2.3550766e-09,1
ERR475574,0.04771503,0.00012731896,0.85978925,0.09236837,4.7846367e-08,2
ERR475580,0.25122786,0.70674324,0.04201861,1.0271951e-05,3.576597e-08,1
ERR5009496,9.528688e-05,9.98534e-07,0.041796137,0.95810753,1.9333997e-09,3
ERR5009498,6.161017e-08,2.2504933e-06,0.14806749,0.85193026,1.777524e-11,3
ERR5009594,1.4507766e-08,9.113188e-12,0.0017048427,0.99829286,2.241543e-06,3
ERR5009623,6.8159953e-09,1.399624e-12,0.00038386649,0.99961615,1.12045984e-10,3
ERR5009631,4.311543e-10,1.7593024e-08,0.11204181,0.8879582,6.036493e-09,3
ERR5009642,3.414019e-08,1.6829851e-08,0.06691498,0.93308485,1.2358127e-07,3
ERR5009643,1.1859479e-07,1.1597063e-10,0.0010394258,0.9989605,9.1763463e-10,3
ERR5009647,2.2854198e-07,5.2532226e-08,0.018027639,0.98197216,1.4860047e-08,3
ERR5009674,5.0461932e-09,2.57386e-09,0.0054306514,0.9945615,7.812527e-06,3
ERR5009685,4.120379e-06,2.0812486e-05,0.9850462,0.014928797,1.4828562e-07,3
ERR5009701,2.3996306e-06,1.9839818e-07,0.29487014,0.70512164,5.614767e-06,3
ERR5009723,2.1040363e-10,1.0975121e-09,0.019182364,0.9808177,7.1853625e-12,3
ERR5009725,1.3902887e-09,1.902941e-08,0.47762302,0.52237695,5.1603525e-08,3
ERR674152,1.2953406e-06,0.25326738,0.74632233,0.0004086914,3.006848e-07,1
ERR674156,1.9783153e-08,0.31561172,0.66776985,0.016605873,1.2590281e-05,1
ERR674169,1.542394e-05,0.99691796,0.0030628222,3.819598e-06,3.9353254e-09,1
SRR10305382,1.1069831e-07,0.02514344,0.10042293,1.524757e-06,0.87443197,2
SRR10305388,1.4626179e-05,0.29164702,0.5329502,1.5184923e-05,0.17537288,2
SRR10305395,0.11933831,0.0013850784,0.87754273,0.0016861516,4.7744845e-05,2
SRR10305397,7.310697e-06,7.746994e-06,0.37672183,0.0011955318,0.6220675,2
SRR10305400,4.1371305e-08,4.412289e-06,0.9343156,0.01675542,0.04892446,2
SRR10305412,0.00084290747,0.9683176,0.029721191,3.3405915e-06,0.0011150066,2
SRR10305414,3.705006e-08,3.3835434e-07,0.9984149,0.00053194887,0.001052835,2
SRR10305420,3.09479e-07,0.9970318,0.0027843404,1.4703924e-06,0.00018215319,2
SRR10442273,0.017063802,1.7159462e-05,0.7950992,0.18781981,2.421356e-09,2
SRR10442274,0.9995865,1.194282e-05,0.00040125442,2.9464283e-07,2.2330356e-08,2
SRR10442291,0.99543935,3.1252228e-05,0.004485787,4.3648277e-05,1.7159177e-08,2
SRR10442314,0.98983884,5.7099533e-06,0.009895,0.00024470864,1.5830397e-05,0
SRR10442320,0.98784363,0.00012583172,0.0120286895,1.7967702e-06,1.0663338e-09,0
SRR10442323,0.96702975,0.000113921014,0.03271907,0.00013725701,6.882929e-11,0
SRR10442326,0.16496968,2.3546503e-05,0.79992217,0.035084542,3.4427405e-08,0
SRR10442332,0.0152815925,0.84154356,0.14316155,1.2173344e-05,1.1752793e-06,0
SRR10442333,0.033256344,7.575315e-05,0.9614071,0.0052599357,7.540321e-07,0
SRR10442342,0.9979309,3.5553754e-07,0.001995339,7.344357e-05,1.0498564e-10,0
SRR10442345,0.99694973,1.422447e-07,0.003048218,1.9130928e-06,4.5958662e-10,0
SRR10442348,0.99995744,2.0448259e-07,4.2324424e-05,5.4527485e-09,9.0705755e-11,0
SRR10442355,0.7521529,0.00023135371,0.24556527,0.0020504592,4.384415e-09,0
SRR10442391,2.4433812e-05,0.00011806064,0.9941553,0.0057015135,7.2133247e-07,2
SRR10442394,0.63325125,2.6627493e-05,0.3654169,0.0013051948,2.5277506e-08,0
SRR1999117,0.22271554,0.00084018835,0.612914,0.16347924,5.103585e-05,0
SRR1999119,0.8719245,4.0771407e-05,0.12096179,0.0070684575,4.5198512e-06,0
SRR1999121,0.017226586,0.0014568454,0.9414543,0.03986218,4.0282465e-08,0
SRR1999123,0.0053296764,0.00034438897,0.91001546,0.08208286,0.00222768,0
SRR1999124,0.0008529949,2.3113947e-07,0.85301256,0.012594005,0.13354023,2
SRR1999125,0.8580361,9.266593e-06,0.13663407,0.005320401,7.759745e-08,0
SRR1999139,0.8316359,5.8386355e-05,0.16790524,0.00040032316,2.0220564e-07,0
SRR1999141,0.12715465,0.00024158887,0.78748876,0.08510064,1.4335217e-05,0
SRR1999142,0.68160796,0.0062250583,0.30976248,0.0024028285,1.7335608e-06,2
SRR1999149,0.93054324,0.00017909441,0.064217925,0.0050590024,7.4724113e-07,0
SRR1999158,0.33862698,7.565594e-08,0.64274573,0.017146848,0.001480439,2
SRR1999159,0.9997693,3.0970867e-07,0.00023037504,1.0361848e-07,5.2091942e-11,0
SRR1999162,0.9924678,3.9129927e-06,0.0074638207,6.444581e-05,3.7390433e-09,0
SRR1999164,0.99388796,3.518029e-05,0.0060473457,2.9357476e-05,6.997253e-08,0
SRR1999171,3.9732316e-07,2.232856e-08,0.32488424,0.6730941,0.0020212568,0
SRR1999174,0.99735355,2.5458388e-07,0.0026425824,3.6638744e-06,6.210012e-09,0
SRR1999175,0.9986119,1.8122807e-07,0.00138501,2.093187e-06,7.785277e-07,0
SRR1999176,0.99712235,1.0560624e-06,0.0028737106,2.835435e-06,2.7078391e-08,0
SRR1999188,0.08131942,0.00011278228,0.91226035,0.0063044634,2.9723158e-06,2
SRR1999189,0.9964678,1.1504498e-05,0.0035061534,1.4468952e-05,4.782937e-09,0
SRR1999201,0.9997365,2.0605606e-08,0.00026333466,1.2423583e-07,1.2578277e-09,0
SRR1999214,0.9839166,4.6203163e-06,0.015968867,0.000108966036,1.0306056e-06,2
SRR1999215,0.9998877,7.05802e-08,0.00011221686,6.717912e-08,1.2000406e-09,2
SRR1999218,0.9959196,1.4846156e-05,0.0040608626,4.663489e-06,4.7875868e-09,0
SRR2143524,5.358693e-06,1.1545935e-05,0.99621516,0.0037679644,4.971704e-09,2
SRR2143559,6.070791e-08,0.9737801,0.026212534,7.2765133e-06,3.6556042e-13,2
SRR2143577,1.2430263e-06,0.008387169,0.99158585,2.5328452e-05,3.9624197e-07,2
SRR2143590,7.877266e-07,2.0527727e-05,0.98888576,0.0110929385,2.9954425e-08,2
SRR2143734,6.9487185e-05,0.99294245,0.0069868513,1.1943122e-06,5.1456127e-12,1
SRR2143758,0.2328732,0.0009066833,0.74982655,0.016388088,5.546589e-06,2
SRR2143767,0.0008534142,7.259906e-08,0.7449581,0.23356111,0.020627312,2
SRR2143792,0.0001307302,0.9911212,0.008740372,7.628934e-06,3.1857617e-08,1
SRR2143835,5.860651e-06,1.7210771e-08,0.3030255,0.6969663,2.395843e-06,2
SRR2143838,7.237435e-09,0.0004708847,0.9687384,0.030790696,1.3300283e-12,2
SRR2143846,0.13128234,0.0003837143,0.8682288,6.279746e-05,4.238881e-05,2
SRR2143893,0.00016720852,0.83306086,0.16664518,6.505722e-05,6.172571e-05,2
SRR2143950,9.929793e-08,0.9997063,0.00029358323,3.884352e-08,3.9014574e-09,1
SRR2143960,0.0004528284,0.080759004,0.9184804,0.00030770942,1.5462495e-10,2
SRR2143987,9.388656e-07,0.99971,0.00028904979,3.494178e-08,9.824815e-09,1
SRR2144002,0.0019353676,2.4773353e-05,0.99713886,0.00090096175,4.9438473e-08,2
SRR2144004,8.421606e-05,0.99275655,0.007130444,2.877169e-05,1.1942752e-10,1
SRR2144006,0.019071281,0.39727777,0.5773723,0.0062355557,4.302163e-05,1
SRR2144027,0.019286852,0.0028873417,0.9385429,0.03928293,1.9989292e-08,2
SRR2144035,0.0066182846,0.0054152184,0.98771834,0.00024803495,1.0061647e-07,1
SRR2144117,0.017190246,0.90279704,0.080011345,1.2521848e-06,4.95723e-10,1
SRR2144119,1.5881861e-07,1.2258789e-06,0.9823583,0.017639853,4.223293e-07,2
SRR2144126,0.09331321,1.3445776e-05,0.8587585,0.047914833,8.0929435e-10,2
SRR22682273,0.0100066075,0.28975263,0.6971084,0.003065484,6.685541e-05,1
SRR22682330,1.5571562e-05,0.00020430841,0.8521271,0.14757498,7.8095916e-05,2
SRR22682336,1.16113625e-08,2.3269305e-07,0.06446655,0.00012644843,0.93540674,1
SRR22682351,1.1565248e-09,0.8787382,0.12124206,1.1222473e-05,8.526957e-06,1
SRR22682499,0.04801439,0.0020093638,0.2038232,0.74615157,1.5078667e-06,1
SRR22682539,3.6479012e-06,0.00031632825,0.3919124,0.6075617,0.00020589083,2
SRR22682558,1.5693129e-06,0.00030351,0.70942086,0.22492962,0.06534438,2
SRR22682603,0.012108843,0.0016182219,0.96372837,0.008159607,0.014384936,2
SRR2761070,0.057451386,8.71815e-05,0.20519097,0.7372683,2.1034707e-06,2
SRR2761072,0.00061562005,1.0681111e-06,0.04138638,0.9579969,5.1728787e-08,2
SRR2761092,0.023851551,0.8669996,0.10719374,0.0017449385,0.00021020774,1
SRR2761198,6.9885864e-06,0.0009164264,0.8618901,0.1371674,1.9067296e-05,1
SRR2761296,0.0036929336,4.3651213e-05,0.3994137,0.5968349,1.4717995e-05,2
SRR30050026,0.9508004,0.0014574587,0.04620077,0.00025931597,0.0012819743,2
SRR30050058,0.002592757,0.64681256,0.35058254,1.1156584e-05,9.364314e-07,1
SRR30050068,0.99786323,1.0790022e-05,0.0021064894,1.9546518e-05,2.628061e-08,1
SRR30050131,3.7014963e-06,0.9984901,0.0015049634,9.619881e-07,2.180708e-07,2
SRR3206643,0.011693102,0.0005908725,0.7257076,0.2603693,0.0016391452,3
SRR3206658,8.943153e-06,0.0877488,0.9110915,0.0011492549,1.5006036e-06,2
SRR3206669,5.51048e-05,1.7892997e-05,0.95169175,0.04823523,2.0845576e-08,3
SRR3206682,1.5921782e-09,0.0007655134,0.998914,0.0003204995,1.1857049e-09,2
SRR3361466,3.256731e-05,0.0330814,0.9666277,0.0002582703,3.441184e-09,2
SRR3361506,0.00012190911,0.96464545,0.03522789,4.7472677e-06,1.8553177e-08,2
SRR3361562,0.00018776896,0.043475237,0.94666374,0.009673181,4.214374e-12,1
SRR3361586,0.0051865294,0.0014090411,0.97147334,0.021743828,0.00018730851,1
SRR3361601,0.0016030245,0.00071070116,0.9916385,0.0060430826,4.6865293e-06,2
SRR3361608,0.010194101,0.0028444494,0.98474914,0.0022122113,9.574475e-08,2
SRR3361609,0.00020079411,0.85740495,0.1423416,5.2728457e-05,3.7276401e-10,1
SRR3362060,0.0018770291,0.7341564,0.26389793,6.862107e-05,4.1963916e-10,1
SRR3362073,1.9809884e-06,0.22327138,0.7746389,0.0020877742,1.4450462e-10,1
SRR3362116,0.5200096,0.0009445192,0.45283085,0.02621506,4.6102605e-10,2
SRR3362120,1.5016795e-08,1.854793e-05,0.90329605,0.096685365,3.197579e-08,2
SRR3362125,4.8571346e-05,0.0061956584,0.99278694,0.0009688114,8.060341e-10,2
SRR3362128,0.060659964,1.1850083e-05,0.919616,0.019711962,2.9710864e-07,2
SRR3362155,0.0009746095,0.004057511,0.9943796,0.0005882798,4.5439378e-11,1
SRR3362189,1.1428605e-05,0.0019595749,0.99618644,0.0018426495,2.733933e-10,2
SRR3362221,0.043609895,0.78594404,0.17029212,0.0001539407,9.848134e-09,2
SRR3667008,0.09986145,1.3754272e-05,0.7184032,0.0016891726,0.18003236,2
SRR3667011,1.8646949e-08,0.99976474,0.00023401211,1.4389079e-09,1.2536556e-06,1
SRR3667032,1.8785054e-08,0.9984627,0.0014563035,4.311815e-09,8.104331e-05,1
SRR5762493,7.316672e-09,6.579105e-06,0.14497249,0.8550209,1.7179636e-15,3
SRR5762504,7.4297935e-07,0.8318286,0.16813374,3.679239e-05,1.5258713e-07,2
SRR5762507,0.00034475178,0.0069467286,0.9918139,0.0008549961,3.9599654e-05,2
SRR5762510,7.356089e-07,0.8594672,0.14042674,0.00010532219,9.773015e-09,2
SRR5762517,1.3343808e-08,7.8140175e-07,0.9671117,0.0328875,3.7968555e-08,3
SRR5762526,6.315356e-05,0.5850567,0.3294493,0.00054413604,0.08488672,2
SRR5762533,2.6613982e-06,0.7841768,0.21558256,0.00023795539,5.6635557e-08,2
SRR5762537,4.006332e-09,1.2816579e-05,0.9951277,0.0048594736,9.129377e-10,3
SRR5762549,3.0907678e-08,0.014542047,0.9852365,0.00021870727,2.6837697e-06,2
SRR5762553,0.015925223,0.0035706135,0.9653869,0.002660773,0.012456475,2
SRR6299729,3.570666e-05,2.5937786e-07,0.01931472,0.9805572,9.2101545e-05,3
SRR6299733,4.8416715e-09,1.6167527e-10,0.11825176,0.8817481,1.6061605e-07,3
SRR6299734,6.569632e-11,1.5258343e-10,0.10534457,0.89465547,7.5274755e-09,3
SRR6299740,0.0011151612,1.6422184e-09,0.37670702,0.6220502,0.00012759722,3
SRR6299752,0.00014687207,1.6131045e-08,0.043009173,0.9568421,1.8807432e-06,3
SRR6299760,7.7086326e-10,1.12460215e-10,0.01384318,0.9861568,2.4335265e-09,3
SRR6299768,1.67878e-09,3.006586e-11,0.002849537,0.9971505,7.635298e-10,3
SRR6299775,1.5931157e-08,1.4547341e-09,0.0025436736,0.9974564,2.72787e-10,3
SRR6299786,0.0404329,0.00012599603,0.9395843,0.015815217,0.0040415335,3
SRR6299807,0.0056804935,1.8246374e-05,0.09516163,0.89913964,3.6183106e-08,3
SRR6299832,1.5216699e-08,3.5790315e-06,0.83734787,0.1626451,3.3786428e-06,3
SRR6299853,2.9342658e-05,5.4347042e-06,0.85870206,0.1412631,2.0664488e-10,3
SRR6299860,0.0036271017,8.827017e-06,0.84931886,0.14704344,1.795208e-06,3
SRR6299864,0.00019182837,6.132322e-06,0.38081807,0.618979,4.985723e-06,3
SRR6299876,3.2812273e-05,5.2775782e-08,0.004350091,0.99561715,9.976009e-10,3
SRR6299914,6.6692823e-10,7.4095365e-09,0.087752916,0.9122445,2.5991512e-06,3
SRR6299936,4.1255468e-11,1.3875812e-12,0.02436212,0.9756361,1.8265334e-06,3
SRR6299945,6.1823343e-06,7.986101e-07,0.7816722,0.2183206,2.0835414e-07,3
SRR6299971,6.012576e-05,0.037274923,0.9507297,0.011934681,5.4173574e-07,3
SRR6299974,0.003029888,1.0200376e-06,0.034143746,0.96282536,4.6011944e-08,3
SRR6300001,3.0038736e-12,1.6425505e-11,0.04777945,0.9522195,1.0914208e-06,3
SRR6300004,1.4914439e-05,1.7174296e-08,0.026159724,0.9738254,2.587147e-12,3
SRR6300010,0.48351008,0.014293437,0.07716077,0.42503557,1.4982383e-07,3
SRR6300013,2.6448072e-07,1.09630464e-10,0.0066658286,0.9933321,1.8548911e-06,3
SRR6300022,2.777536e-05,1.0552044e-07,0.007795356,0.9921767,6.175701e-10,3
SRR6300029,1.723625e-05,0.00020696061,0.19944921,0.8002728,5.3747808e-05,3
SRR6300063,0.019478615,0.0006523573,0.9096961,0.07017256,3.506237e-07,3
SRR6300089,1.0797387e-06,9.53251e-08,0.6308587,0.36913726,2.7992992e-06,3
SRR6300099,2.7656814e-08,1.1922418e-06,0.0792499,0.9207487,1.7427611e-07,3
SRR6300101,2.724502e-07,1.0818572e-06,0.8625378,0.13745077,1.01352e-05,3
SRR6300105,0.026664551,0.0017421176,0.06095114,0.9106403,1.9022749e-06,3
SRR6300134,0.0018343095,2.5594121e-05,0.8370569,0.16108318,1.8781775e-10,3
SRR8534047,2.3951447e-06,0.038403947,0.9444042,0.017189268,1.6255484e-07,2
SRR8534057,4.444953e-09,4.087512e-11,0.00026095033,0.999739,1.5730189e-09,3
SRR8534064,2.4019238e-05,4.605426e-06,0.36091036,0.639061,7.251338e-08,3
SRR8534069,0.0012829182,1.4884168e-07,0.8787002,0.11994102,7.5783435e-05,3
SRR8534109,4.9219958e-05,4.285752e-05,0.9845463,0.012003749,0.0033579187,2
SRR8534131,0.0005057587,7.6721575e-05,0.020543365,0.97887254,1.6549416e-06,3
SRR8534206,8.581113e-06,2.7224625e-05,0.7756596,0.22430417,5.225132e-07,3
SRR8534215,2.023889e-09,0.00041367568,0.9972504,0.0023359729,1.8386361e-09,2
SRR8534223,0.00025824262,7.266624e-07,0.86414874,0.13274427,0.0028480813,3
SRR8534252,7.482454e-06,0.9985678,0.0014240443,4.412289e-07,1.3977517e-07,2
SRR9160233,4.526234e-06,2.8859088e-06,0.048493024,0.00012250408,0.95137703,4
SRR9160258,0.0003709571,0.24926922,0.6969119,0.002467317,0.05098062,4
SRR9160260,2.1919039e-05,0.0001606672,0.16699262,0.0002396566,0.8325852,4
SRR9160265,4.1001225e-10,4.242915e-05,0.99029493,0.008180884,0.0014817792,4
SRR9160268,0.06162113,0.004269759,0.7132841,0.0003185167,0.2205065,2
SRR9160271,0.00094465347,0.00027812913,0.11097189,0.0009848636,0.8868204,2
SRR9160273,5.8527723e-07,1.08025915e-07,0.014008389,0.000103065846,0.9858878,2
SRR9160276,7.573014e-08,7.8484146e-07,0.0056788414,8.9233445e-06,0.99431133,2
SRR9160281,0.00017372248,2.593347e-08,0.018891789,0.0005305976,0.98040396,4
SRR9160284,0.00048416975,8.484941e-06,0.19563997,0.0015363592,0.802331,4
SRR9160287,2.5146503e-06,0.5229915,0.07711735,3.1827454e-05,0.39985675,4
SRR9160289,0.0011619003,0.0009277755,0.3730309,0.015977295,0.60890204,4
SRR9160291,0.00039719164,0.00039104774,0.8156115,0.00069615827,0.18290414,2
SRR9160292,1.4299866e-06,0.3166242,0.599337,0.00021829015,0.08381908,2
SRR9160295,0.26118144,0.004318203,0.70398974,0.0013744431,0.029136239,2
SRR9160296,5.246572e-05,0.008088401,0.986901,8.668352e-05,0.004871452,2
SRR9160303,0.033252165,0.021434402,0.7722466,0.0028653692,0.17020145,4
SRR9160308,2.9630291e-05,0.003082471,0.031827737,4.512553e-06,0.96505564,4
SRR9160313,2.2809763e-05,0.014159536,0.97006476,4.94673e-05,0.015703356,2
SRR9160317,0.22784486,0.0042163515,0.758003,0.0021169065,0.007818879,2
SRR9160318,1.2347657e-06,0.0037804649,0.94949466,0.04067527,0.006048302,4
SRR9160326,7.803577e-05,0.00013421112,0.061595522,0.0002292291,0.93796307,4
SRR9160338,3.2996823e-08,2.1961664e-06,0.0098733585,0.0002053031,0.9899192,4
SRR9160339,0.0011827193,4.7505023e-07,0.06079558,0.15316337,0.78485787,4
SRR9160348,0.0016975683,2.2814085e-05,0.33043334,0.017967528,0.64987874,4
SRR9160351,1.257723e-05,2.226602e-07,0.010723884,0.000121208854,0.98914206,4
